{"FreqBitTest": 1.0, "IdenticalBitTest": 0.4795001221869535, "LongestBitTest": 0.9594758162035416, "Sequence": "b'\\x8c,\\\\\\xd9\\xbc\\xc6N`D\\xed\\xfd\\xb9L\\xe9\\x80W'"}