{
  "FreqBitTest": 1.0,
  "IdenticalBitTest": 0.7236736098317631,
  "LongestBitTest": 0.01644339,
  "Sequence": "10001100001011000101110011011001101111001100011001001110011000000100010011101101111111011011100101001100111010011000000001010111"
}