{
  "FreqBitTest": 0.37675911781158217,
  "IdenticalBitTest": 0.5400575258040493,
  "LongestBitTest": 0.13183659,
  "Sequence": "01101111100111010010111010101110101001101000110100101100101101100011100100110101111111001000011000111101000010110010101111101000"
}