{"FreqBitTest": 0.3767591178115822, "IdenticalBitTest": 0.2556841538837292, "LongestBitTest": 0.06098632178855804, "Sequence": "b'o\\x9d.\\xae\\xa6\\x8d,\\xb695\\xfc\\x86=\\x0b+\\xe8'"}